{
  "kelly_40_150": {
    "capital": 1483667.225356162,
    "return_pct": 1383.667225356162,
    "annual_return": 675.2840101253719,
    "max_dd_pct": 6.13700360208649,
    "calmar": 110.03480752329774,
    "wr": 45.24002500984183,
    "n_trades": 43183
  },
  "monthly_pnl": {
    "2025-01": 2863.288396874763,
    "2025-02": 8771.321472425529,
    "2025-03": 10747.83613819439,
    "2025-04": 2289.7459192970027,
    "2025-05": 9804.763277939503,
    "2025-06": 26266.0481341703,
    "2025-07": 2321.9110364836597,
    "2025-08": 3746.776095908791,
    "2025-09": 26674.122994119196,
    "2025-10": -6256.9245494407605,
    "2025-11": 6684.03252568481,
    "2025-12": 39536.86760495928,
    "2026-01": 9307.013553643372,
    "2026-02": 245525.6176193234,
    "2026-03": 919183.8692204852,
    "2026-04": 75623.43416602782
  }
}