{
  "real_pnl": -965.7394510384255,
  "mc_mean": 486.26573540553704,
  "mc_std": 1365.3265821119123,
  "mc_p95": 2904.6540400675153,
  "mc_p99": 3284.45682165619,
  "mc_min": -2639.953582527695,
  "mc_max": 3357.4343640791644,
  "real_gt_p95": false,
  "mc_lt_real": 8
}