{
  "n_shuffles": 30,
  "real_return_pct": 1794.00409731722,
  "shuffled_mean_pct": -88.41327432224001,
  "shuffled_median_pct": -96.16315910289718,
  "shuffled_std_pct": 22.157637119271477,
  "shuffled_p05_pct": -99.36603873253493,
  "shuffled_p95_pct": -40.16612287728686,
  "shuffled_min_pct": -99.45123368049885,
  "shuffled_max_pct": -6.934043297509532,
  "all_shuffled_returns": [
    -97.2407,
    -94.8061,
    -97.3151,
    -95.9732,
    -98.691,
    -98.0827,
    -94.3538,
    -95.8092,
    -92.6917,
    -54.2623,
    -6.934,
    -95.1617,
    -98.6572,
    -97.0859,
    -93.477,
    -99.4008,
    -46.2405,
    -97.7671,
    -95.3395,
    -94.1324,
    -97.4791,
    -99.1982,
    -96.3531,
    -97.0214,
    -93.4582,
    -93.5446,
    -97.951,
    -99.4512,
    -35.1962,
    -99.3235
  ],
  "conclusion": "✅ SIGNALS CARRY INFORMATION — real return exceeds 95th percentile of shuffled distribution",
  "real_in_90ci": false
}