{
  "kelly_40_150": {
    "capital": 1894004.09731722,
    "return_pct": 1794.00409731722,
    "annual_return": 833.2247211110893,
    "max_dd_pct": 7.006149068429811,
    "calmar": 118.92763242301783,
    "wr": 46.29169841933184,
    "n_trades": 40679
  },
  "kelly_20_70": {
    "capital": 1255875.467958951,
    "return_pct": 1155.8754679589508,
    "annual_return": 583.1107783034087,
    "max_dd_pct": 4.238207949908239,
    "calmar": 137.5842774104639,
    "wr": 46.20121732903687,
    "n_trades": 41895
  }
}