{
  "capital": 85963.80068274651,
  "return_pct": -14.036199317253487,
  "annual_return": -10.849825937052081,
  "max_dd_pct": 29.57090592178167,
  "calmar": -0.3669088111724097,
  "wr": 0.0,
  "n_trades": 721,
  "monthly_pnl": {
    "2025-01": -3387.04,
    "2025-02": -1726.08,
    "2025-03": -1156.22,
    "2025-04": -3504.12,
    "2025-05": -2209.17,
    "2025-06": -654.03,
    "2025-07": -1111.87,
    "2025-08": -474.46,
    "2025-09": -1611.18,
    "2025-10": -4120.8,
    "2025-11": -487.36,
    "2025-12": -1392.52,
    "2026-01": -2611.44,
    "2026-03": -1181.84,
    "2026-04": 11591.92
  },
  "worst_month": {
    "month": "2025-10",
    "pnl_pct": -4.896045933247835
  },
  "negative_months": 14
}