{
  "0% (original)": {
    "capital": 83145.48298505682,
    "return_pct": -16.85451701494318,
    "annual_return": -13.078133164462258,
    "max_dd_pct": 17.217492021579687,
    "calmar": -0.7595840990122528,
    "wr": 46.568627450980394,
    "n_trades": 5508,
    "trades_per_day": 14.123076923076923,
    "trading_days": 390
  },
  "0.01%": {
    "capital": 74604.75001136216,
    "return_pct": -25.395249988637836,
    "annual_return": -19.945725654477652,
    "max_dd_pct": 25.681571986288283,
    "calmar": -0.7766551699065357,
    "wr": 45.65217391304348,
    "n_trades": 5520,
    "trades_per_day": 14.153846153846153,
    "trading_days": 390
  },
  "0.02%": {
    "capital": 67557.06264698277,
    "return_pct": -32.44293735301723,
    "annual_return": -25.756309442787973,
    "max_dd_pct": 32.70572197285991,
    "calmar": -0.7875169202551544,
    "wr": 43.4184320115879,
    "n_trades": 5523,
    "trades_per_day": 14.161538461538461,
    "trading_days": 390
  },
  "0.05%": {
    "capital": 46290.54628285357,
    "return_pct": -53.70945371714644,
    "annual_return": -44.282741462449195,
    "max_dd_pct": 53.85906905613213,
    "calmar": -0.8221965629650515,
    "wr": 38.21448013064779,
    "n_trades": 5511,
    "trades_per_day": 14.13076923076923,
    "trading_days": 390
  }
}