{
  "config": "core+hedge+collar",
  "result": {
    "capital": 173937.00923314542,
    "return_pct": 73.93700923314542,
    "annual_return": 26.95906861365829,
    "max_dd_pct": 2.8469589563269926,
    "calmar": 9.469426509906404,
    "wr": 45.76301192021716,
    "n_trades": 33892,
    "circuit_breaker": false,
    "sym_stats": {
      "SV": {
        "pnl": -2368.965212664012,
        "w": 2508,
        "l": 3525,
        "n": 6033
      },
      "BR": {
        "pnl": 8678.780818372887,
        "w": 1145,
        "l": 1298,
        "n": 2443
      },
      "NM": {
        "pnl": 2287.5555735236912,
        "w": 2306,
        "l": 2665,
        "n": 4971
      },
      "AF": {
        "pnl": 10276.463375897247,
        "w": 1834,
        "l": 2493,
        "n": 4327
      },
      "RN": {
        "pnl": 24203.44191455114,
        "w": 2452,
        "l": 2517,
        "n": 4969
      },
      "GL": {
        "pnl": 16730.16993265466,
        "w": 2708,
        "l": 2899,
        "n": 5607
      },
      "HY": {
        "pnl": 9443.25865332546,
        "w": 1569,
        "l": 1744,
        "n": 3313
      },
      "Si": {
        "pnl": -13.27511350609717,
        "w": 1,
        "l": 6,
        "n": 7
      },
      "SF": {
        "pnl": 4699.579290990218,
        "w": 987,
        "l": 1235,
        "n": 2222
      }
    }
  }
}