{
  "capital": 3311200.649530632,
  "return_pct": 3211.200649530632,
  "annual_return": 352.33490134302616,
  "max_dd_pct": 14.849946129256455,
  "calmar": 23.726342053785466,
  "wr": 46.03134012416713,
  "n_trades": 70389,
  "sym_stats": {
    "SV": {
      "pnl": -12720.617140635868,
      "w": 2944,
      "l": 4075,
      "n": 7019
    },
    "BR": {
      "pnl": 700921.651076353,
      "w": 1288,
      "l": 1494,
      "n": 2782
    },
    "NM": {
      "pnl": 360954.9116472743,
      "w": 3127,
      "l": 3486,
      "n": 6613
    },
    "AL": {
      "pnl": 349246.53472645313,
      "w": 2985,
      "l": 3533,
      "n": 6518
    },
    "AF": {
      "pnl": 105450.52987285623,
      "w": 1820,
      "l": 2731,
      "n": 4551
    },
    "NG": {
      "pnl": -162750.5339704763,
      "w": 2814,
      "l": 3503,
      "n": 6317
    },
    "Si": {
      "pnl": 6001.655156125025,
      "w": 939,
      "l": 1063,
      "n": 2002
    },
    "RN": {
      "pnl": 585667.2010679016,
      "w": 3007,
      "l": 3040,
      "n": 6047
    },
    "SR": {
      "pnl": 144069.57191710686,
      "w": 1760,
      "l": 2029,
      "n": 3789
    },
    "GL": {
      "pnl": 288309.95261107525,
      "w": 3601,
      "l": 3767,
      "n": 7368
    },
    "SN": {
      "pnl": 123286.5980648215,
      "w": 2619,
      "l": 2834,
      "n": 5453
    },
    "HY": {
      "pnl": 101498.34740675346,
      "w": 1845,
      "l": 2092,
      "n": 3937
    },
    "YD": {
      "pnl": 477391.2401734113,
      "w": 2554,
      "l": 2957,
      "n": 5511
    },
    "SF": {
      "pnl": 143873.60692160393,
      "w": 1098,
      "l": 1384,
      "n": 2482
    }
  }
}