{
  "capital": 103979.61647982876,
  "return_pct": 3.9796164798287648,
  "annual_return": 1.1820154205614664,
  "max_dd_pct": 3.8222243555084328,
  "calmar": 0.3092480478959835,
  "wr": 16.666666666666664,
  "n_trades": 12,
  "sym_stats": {
    "RI": {
      "pnl": 70.50407988361053,
      "w": 1,
      "l": 0,
      "n": 6
    },
    "BR": {
      "pnl": -856.3804088534806,
      "w": 0,
      "l": 0,
      "n": 5
    },
    "GL": {
      "pnl": 4765.4928087986455,
      "w": 1,
      "l": 0,
      "n": 1
    }
  }
}